drainage_density,logDoK
0.0018930794904008508,-8.938802404193982
0.0018930794904008508,-8.938802404193982
0.0018930794904008508,-8.938802404193982
0.0018930794904008508,-8.938802404193982
0.0018930794904008508,-8.938802404193982
0.0018930794904008508,-8.938802404193982
0.0018930794904008508,-8.938802404193982
0.0018930794904008508,-8.938802404193982
0.0018930794904008508,-8.938802404193982
0.0018930794904008508,-8.938802404193982
0.0018930794904008508,-8.938802404193982
0.0018930794904008508,-8.938802404193982
0.0018930794904008508,-8.938802404193982
0.0018930794904008508,-8.938802404193982
0.0018930794904008508,-8.938802404193982
0.0018930794904008508,-8.938802404193982
0.0018930794904008508,-8.938802404193982
0.0018930794904008508,-8.938802404193982
0.0018930794904008508,-8.938802404193982
0.0018930794904008508,-8.938802404193982
0.0018930794904008508,-8.938802404193982
0.0018930794904008508,-8.938802404193982
0.0018930794904008508,-8.938802404193982
0.0018930794904008508,-8.938802404193982
0.0018930794904008508,-8.938802404193982
0.0018930794904008508,-8.938802404193982
0.0018930794904008508,-8.938802404193982
0.0018930794904008508,-8.938802404193982
0.0018930794904008508,-8.938802404193982
0.0018930794904008508,-8.938802404193982
0.0018930794904008508,-8.938802404193982
0.0018930794904008508,-8.938802404193982
0.0018930794904008508,-8.938802404193982
0.0018930794904008508,-8.938802404193982
0.0018930794904008508,-8.938802404193982
0.0018930794904008508,-8.938802404193982
0.0018930794904008508,-8.938802404193982
0.0018930794904008508,-8.938802404193982
0.0018930794904008508,-8.938802404193982
0.0018930794904008508,-8.938802404193982
0.0018930794904008508,-8.938802404193982
0.0018930794904008508,-8.938802404193982
0.0018930794904008508,-8.938802404193982
0.0018930794904008508,-8.938802404193982
0.0018930794904008508,-8.938802404193982
0.0018930794904008508,-8.938802404193982
0.0018930794904008508,-8.938802404193982
0.0018930794904008508,-8.938802404193982
0.0018930794904008508,-8.938802404193982
0.0018930794904008508,-8.938802404193982
0.0018930794904008508,-8.938802404193982
0.0018930794904008508,-8.938802404193982
0.0018930794904008508,-8.938802404193982
0.0018930794904008508,-8.938802404193982
0.0018930794904008508,-8.938802404193982
0.0018930794904008508,-8.938802404193982
0.0018930794904008508,-8.938802404193982
0.0018930794904008508,-8.938802404193982
0.0018930794904008508,-8.938802404193982
0.0018930794904008508,-8.938802404193982
0.0018930794904008508,-8.938802404193982
0.0018930794904008508,-8.938802404193982
0.0018930794904008508,-8.938802404193982
0.0018930794904008508,-8.938802404193982
0.0018930794904008508,-8.938802404193982
0.0018930794904008508,-8.938802404193982
0.0018930794904008508,-8.938802404193982
0.0018930794904008508,-8.938802404193982
0.0018930794904008508,-8.938802404193982
0.0018930794904008508,-8.938802404193982
0.0018930794904008508,-8.938802404193982
0.0018930794904008508,-8.938802404193982
0.0018930794904008508,-8.938802404193982
0.0018930794904008508,-8.938802404193982
0.0018930794904008508,-8.938802404193982
0.0018930794904008508,-8.938802404193982
0.0018930794904008508,-8.938802404193982
0.0018930794904008508,-8.938802404193982
0.0018930794904008508,-8.938802404193982
0.0018930794904008508,-8.938802404193982
0.0018930794904008508,-8.938802404193982
0.0018930794904008508,-8.938802404193982
0.0018930794904008508,-8.938802404193982
0.0018930794904008508,-8.938802404193982
0.0018930794904008508,-8.938802404193982
0.0018930794904008508,-8.938802404193982
0.0018930794904008508,-8.938802404193982
0.0018930794904008508,-8.938802404193982
0.0018930794904008508,-8.938802404193982
0.0018930794904008508,-8.938802404193982
0.0018930794904008508,-8.938802404193982
0.0018930794904008508,-8.938802404193982
0.0018930794904008508,-8.938802404193982
0.0018930794904008508,-8.938802404193982
0.0018930794904008508,-8.938802404193982
0.0018930794904008508,-8.938802404193982
0.0018930794904008508,-8.938802404193982
0.0018930794904008508,-8.938802404193982
0.0018930794904008508,-8.938802404193982
0.0018930794904008508,-8.938802404193982
0.0018930794904008508,-8.938802404193982
0.0018930794904008508,-8.938802404193982
0.0018930794904008508,-8.938802404193982
0.0018930794904008508,-8.938802404193982
0.0018930794904008508,-8.938802404193982
0.0018930794904008508,-8.938802404193982
0.0018930794904008508,-8.938802404193982
0.0018930794904008508,-8.938802404193982
0.0018930794904008508,-8.938802404193982
0.0018930794904008508,-8.938802404193982
0.0018930794904008508,-8.938802404193982
0.0018930794904008508,-8.938802404193982
0.0018930794904008508,-8.938802404193982
0.0018930794904008508,-8.938802404193982
0.0018930794904008508,-8.938802404193982
0.0018930794904008508,-8.938802404193982
0.0018930794904008508,-8.938802404193982
0.0018930794904008508,-8.938802404193982
0.0018930794904008508,-8.938802404193982
0.0018930794904008508,-8.938802404193982
0.0018930794904008508,-8.938802404193982
0.0018930794904008508,-8.938802404193982
0.0018930794904008508,-8.938802404193982
0.0018930794904008508,-8.938802404193982
0.0018930794904008508,-8.938802404193982
0.0018930794904008508,-8.938802404193982
0.0018930794904008508,-8.938802404193982
0.0018930794904008508,-8.938802404193982
0.0018930794904008508,-8.938802404193982
0.0018930794904008508,-8.938802404193982
0.0018930794904008508,-8.938802404193982
0.0018930794904008508,-8.938802404193982
0.0018930794904008508,-8.938802404193982
0.0018930794904008508,-8.938802404193982
0.0018930794904008508,-8.938802404193982
0.0018930794904008508,-8.938802404193982
0.0018930794904008508,-8.938802404193982
0.0018930794904008508,-8.938802404193982
0.0018930794904008508,-8.938802404193982
0.0018930794904008508,-8.938802404193982
0.0018930794904008508,-8.938802404193982
0.0018930794904008508,-8.938802404193982
0.0018930794904008508,-8.938802404193982
0.0018930794904008508,-8.938802404193982
0.0018930794904008508,-8.938802404193982
0.0018930794904008508,-8.938802404193982
0.0018930794904008508,-8.938802404193982
0.0018930794904008508,-8.938802404193982
0.0018930794904008508,-8.938802404193982
0.0018930794904008508,-8.938802404193982
0.0018930794904008508,-8.938802404193982
0.0018930794904008508,-8.938802404193982
0.0018930794904008508,-8.938802404193982
0.0018930794904008508,-8.938802404193982
0.0018930794904008508,-8.938802404193982
0.0018930794904008508,-8.938802404193982
0.0018930794904008508,-8.938802404193982
0.0018930794904008508,-8.938802404193982
0.0018930794904008508,-8.938802404193982
0.0018930794904008508,-8.938802404193982
0.0018930794904008508,-8.938802404193982
0.0018930794904008508,-8.938802404193982
0.0018930794904008508,-8.938802404193982
0.0018930794904008508,-8.938802404193982
0.0018930794904008508,-8.938802404193982
0.0018930794904008508,-8.938802404193982
0.0018930794904008508,-8.938802404193982
0.0018930794904008508,-8.938802404193982
0.0018930794904008508,-8.938802404193982
0.0018930794904008508,-8.938802404193982
0.0018930794904008508,-8.938802404193982
0.0018930794904008508,-8.938802404193982
0.0018930794904008508,-8.938802404193982
0.0018930794904008508,-8.938802404193982
0.0018930794904008508,-8.938802404193982
0.0018930794904008508,-8.938802404193982
0.0018930794904008508,-8.938802404193982
0.0018930794904008508,-8.938802404193982
0.0018930794904008508,-8.938802404193982
0.0018930794904008508,-8.938802404193982
0.0018930794904008508,-8.938802404193982
0.0018930794904008508,-8.938802404193982
0.0018930794904008508,-8.938802404193982
0.0018930794904008508,-8.938802404193982
0.0018930794904008508,-8.938802404193982
0.0018930794904008508,-8.938802404193982
0.0018930794904008508,-8.938802404193982
0.0018930794904008508,-8.938802404193982
0.0018930794904008508,-8.938802404193982
0.0018930794904008508,-8.938802404193982
0.0018930794904008508,-8.938802404193982
0.0018930794904008508,-8.938802404193982
0.0018930794904008508,-8.938802404193982
0.0018930794904008508,-8.938802404193982
0.0018930794904008508,-8.938802404193982
0.0018930794904008508,-8.938802404193982
0.0018930794904008508,-8.938802404193982
0.0018930794904008508,-8.938802404193982
0.0018930794904008508,-8.938802404193982
0.0018930794904008508,-8.938802404193982
0.0018930794904008508,-8.938802404193982
0.0018930794904008508,-8.938802404193982
0.0018930794904008508,-8.938802404193982
0.0018930794904008508,-8.938802404193982
0.0018930794904008508,-8.938802404193982
0.0018930794904008508,-8.938802404193982
0.0018930794904008508,-8.938802404193982
0.0018930794904008508,-8.938802404193982
0.0018930794904008508,-8.938802404193982
0.0018930794904008508,-8.938802404193982
0.0018930794904008508,-8.938802404193982
0.0018930794904008508,-8.938802404193982
0.0018930794904008508,-8.938802404193982
0.0018930794904008508,-8.938802404193982
0.0018930794904008508,-8.938802404193982
0.0018930794904008508,-8.938802404193982
0.0018930794904008508,-8.938802404193982
0.0018930794904008508,-8.938802404193982
0.0018930794904008508,-8.938802404193982
0.0018930794904008508,-8.938802404193982
0.0018930794904008508,-8.938802404193982
0.0018930794904008508,-8.938802404193982
0.0018930794904008508,-8.938802404193982
0.0018930794904008508,-8.938802404193982
0.0018930794904008508,-8.938802404193982
0.0018930794904008508,-8.938802404193982
0.0018930794904008508,-8.938802404193982
0.0018930794904008508,-8.938802404193982
0.0018930794904008508,-8.938802404193982
0.0018930794904008508,-8.938802404193982
0.0018930794904008508,-8.938802404193982
0.0018930794904008508,-8.938802404193982
0.0018930794904008508,-8.938802404193982
0.0018930794904008508,-8.938802404193982
0.0018930794904008508,-8.938802404193982
0.0018930794904008508,-8.938802404193982
0.0018930794904008508,-8.938802404193982
0.0018930794904008508,-8.938802404193982
0.0018930794904008508,-8.938802404193982
0.0018930794904008508,-8.938802404193982
0.0018930794904008508,-8.938802404193982
0.0018930794904008508,-8.938802404193982
0.0018930794904008508,-8.938802404193982
0.0018930794904008508,-8.938802404193982
0.0018930794904008508,-8.938802404193982
0.0018930794904008508,-8.938802404193982
0.0018930794904008508,-8.938802404193982
0.0018930794904008508,-8.938802404193982
0.0018930794904008508,-8.938802404193982
0.0018930794904008508,-8.938802404193982
0.0018930794904008508,-8.938802404193982
0.0018930794904008508,-8.938802404193982
0.0018930794904008508,-8.938802404193982
0.0018930794904008508,-8.938802404193982
0.0018930794904008508,-8.938802404193982
0.0018930794904008508,-8.938802404193982
0.0018930794904008508,-8.938802404193982
0.0018930794904008508,-8.938802404193982
0.0018930794904008508,-8.938802404193982
0.0018930794904008508,-8.938802404193982
0.0018930794904008508,-8.938802404193982
0.0018930794904008508,-8.938802404193982
0.0018930794904008508,-8.938802404193982
0.0018930794904008508,-8.938802404193982
0.0018930794904008508,-8.938802404193982
0.0018930794904008508,-8.938802404193982
0.0018930794904008508,-8.938802404193982
0.0018930794904008508,-8.938802404193982
0.0018930794904008508,-8.938802404193982
0.0018930794904008508,-8.938802404193982
0.0018930794904008508,-8.938802404193982
0.0018930794904008508,-8.938802404193982
0.0018930794904008508,-8.938802404193982
0.0018930794904008508,-8.938802404193982
0.0018930794904008508,-8.938802404193982
0.0018930794904008508,-8.938802404193982
0.0018930794904008508,-8.938802404193982
0.0018930794904008508,-8.938802404193982
0.0018930794904008508,-8.938802404193982
0.0018930794904008508,-8.938802404193982
0.0018930794904008508,-8.938802404193982
0.0018930794904008508,-8.938802404193982
0.0018930794904008508,-8.938802404193982
0.0018930794904008508,-8.938802404193982
0.0018930794904008508,-8.938802404193982
0.0018930794904008508,-8.938802404193982
0.0018930794904008508,-8.938802404193982
0.0018930794904008508,-8.938802404193982
0.0018930794904008508,-8.938802404193982
0.0018930794904008508,-8.938802404193982
0.0018930794904008508,-8.938802404193982
0.0018930794904008508,-8.938802404193982
0.0018930794904008508,-8.938802404193982
0.0018930794904008508,-8.938802404193982
0.0018930794904008508,-8.938802404193982
0.0018930794904008508,-8.938802404193982
0.0018930794904008508,-8.938802404193982
0.0018930794904008508,-8.938802404193982
0.0018930794904008508,-8.938802404193982
0.0018930794904008508,-8.938802404193982
0.0018930794904008508,-8.938802404193982
0.0018930794904008508,-8.938802404193982
0.0018930794904008508,-8.938802404193982
0.0018930794904008508,-8.938802404193982
0.0018930794904008508,-8.938802404193982
0.0018930794904008508,-8.938802404193982
0.0018930794904008508,-8.938802404193982
0.0018930794904008508,-8.938802404193982
0.0018930794904008508,-8.938802404193982
0.0018930794904008508,-8.938802404193982
0.0018930794904008508,-8.938802404193982
0.0018930794904008508,-8.938802404193982
0.0018930794904008508,-8.938802404193982
0.0018930794904008508,-8.938802404193982
0.0018930794904008508,-8.938802404193982
0.0018930794904008508,-8.938802404193982
0.0018930794904008508,-8.938802404193982
0.0018930794904008508,-8.938802404193982
0.0018930794904008508,-8.938802404193982
0.0018930794904008508,-8.938802404193982
0.0018930794904008508,-8.938802404193982
0.0018930794904008508,-8.938802404193982
0.0018930794904008508,-8.938802404193982
0.0018930794904008508,-8.938802404193982
0.0018930794904008508,-8.938802404193982
0.0018930794904008508,-8.938802404193982
0.0018930794904008508,-8.938802404193982
0.0018930794904008508,-8.938802404193982
0.0018930794904008508,-8.938802404193982
0.0018930794904008508,-8.938802404193982
0.0018930794904008508,-8.938802404193982
0.0018930794904008508,-8.938802404193982
0.0018930794904008508,-8.938802404193982
0.0018930794904008508,-8.938802404193982
0.0018930794904008508,-8.938802404193982
0.0018930794904008508,-8.938802404193982
0.0018930794904008508,-8.938802404193982
0.0018930794904008508,-8.938802404193982
0.0018930794904008508,-8.938802404193982
0.0018930794904008508,-8.938802404193982
0.0018930794904008508,-8.938802404193982
0.0018930794904008508,-8.938802404193982
0.0018930794904008508,-8.938802404193982
0.0018930794904008508,-8.938802404193982
0.0018930794904008508,-8.938802404193982
0.0018930794904008508,-8.938802404193982
0.0018930794904008508,-8.938802404193982
0.0018930794904008508,-8.938802404193982
0.0018930794904008508,-8.938802404193982
0.0018930794904008508,-8.938802404193982
0.0018930794904008508,-8.938802404193982
0.0018930794904008508,-8.938802404193982
0.0018930794904008508,-8.938802404193982
0.0018930794904008508,-8.938802404193982
0.0018930794904008508,-8.938802404193982
0.0018930794904008508,-8.938802404193982
0.0018930794904008508,-8.938802404193982
0.0018930794904008508,-8.938802404193982
0.0018930794904008508,-8.938802404193982
0.0018930794904008508,-8.938802404193982
0.0018930794904008508,-8.938802404193982
0.0018930794904008508,-8.938802404193982
0.0018930794904008508,-8.938802404193982
0.0018930794904008508,-8.938802404193982
0.0018930794904008508,-8.938802404193982
0.0018930794904008508,-8.938802404193982
0.0018930794904008508,-8.938802404193982
0.0018930794904008508,-8.938802404193982
0.0018930794904008508,-8.938802404193982
0.0018930794904008508,-8.938802404193982
0.0018930794904008508,-8.938802404193982
0.0018930794904008508,-8.938802404193982
0.0018930794904008508,-8.938802404193982
0.0018930794904008508,-8.938802404193982
0.0018930794904008508,-8.938802404193982
0.0018930794904008508,-8.938802404193982
0.0018930794904008508,-8.938802404193982
0.0018930794904008508,-8.938802404193982
0.0018930794904008508,-8.938802404193982
0.0018930794904008508,-8.938802404193982
0.0018930794904008508,-8.938802404193982
0.0018930794904008508,-8.938802404193982
0.0018930794904008508,-8.938802404193982
0.0018930794904008508,-8.938802404193982
0.0018930794904008508,-8.938802404193982
0.0018930794904008508,-8.938802404193982
0.0018930794904008508,-8.938802404193982
0.0018930794904008508,-8.938802404193982
0.0018930794904008508,-8.938802404193982
0.0018930794904008508,-8.938802404193982
0.0018930794904008508,-8.938802404193982
0.0018930794904008508,-8.938802404193982
0.001230603433214128,-9.671898088021939
0.001230603433214128,-9.671898088021939
0.001230603433214128,-9.671898088021939
0.001230603433214128,-9.671898088021939
0.001230603433214128,-9.671898088021939
0.001230603433214128,-9.671898088021939
0.001230603433214128,-9.671898088021939
0.001230603433214128,-9.671898088021939
0.001230603433214128,-9.671898088021939
0.001230603433214128,-9.671898088021939
0.001230603433214128,-9.671898088021939
0.001230603433214128,-9.671898088021939
0.001230603433214128,-9.671898088021939
0.001230603433214128,-9.671898088021939
0.001230603433214128,-9.671898088021939
0.001230603433214128,-9.671898088021939
0.001230603433214128,-9.671898088021939
0.001230603433214128,-9.671898088021939
0.001230603433214128,-9.671898088021939
0.001230603433214128,-9.671898088021939
0.001230603433214128,-9.671898088021939
0.001230603433214128,-9.671898088021939
0.001230603433214128,-9.671898088021939
0.001230603433214128,-9.671898088021939
0.001230603433214128,-9.671898088021939
0.001230603433214128,-9.671898088021939
0.001230603433214128,-9.671898088021939
0.001230603433214128,-9.671898088021939
0.001230603433214128,-9.671898088021939
0.001230603433214128,-9.671898088021939
0.001230603433214128,-9.671898088021939
0.001230603433214128,-9.671898088021939
0.001230603433214128,-9.671898088021939
0.001230603433214128,-9.671898088021939
0.001230603433214128,-9.671898088021939
0.001230603433214128,-9.671898088021939
0.001230603433214128,-9.671898088021939
0.001230603433214128,-9.671898088021939
0.001230603433214128,-9.671898088021939
0.001230603433214128,-9.671898088021939
0.001230603433214128,-9.671898088021939
0.001230603433214128,-9.671898088021939
0.001230603433214128,-9.671898088021939
0.001230603433214128,-9.671898088021939
0.001230603433214128,-9.671898088021939
0.001230603433214128,-9.671898088021939
0.001230603433214128,-9.671898088021939
0.001230603433214128,-9.671898088021939
0.001230603433214128,-9.671898088021939
0.001230603433214128,-9.671898088021939
0.001230603433214128,-9.671898088021939
0.001230603433214128,-9.671898088021939
0.001230603433214128,-9.671898088021939
0.001230603433214128,-9.671898088021939
0.001230603433214128,-9.671898088021939
0.001230603433214128,-9.671898088021939
0.001230603433214128,-9.671898088021939
0.001230603433214128,-9.671898088021939
0.001230603433214128,-9.671898088021939
0.001230603433214128,-9.671898088021939
0.001230603433214128,-9.671898088021939
0.001230603433214128,-9.671898088021939
0.001230603433214128,-9.671898088021939
0.001230603433214128,-9.671898088021939
0.001230603433214128,-9.671898088021939
0.001230603433214128,-9.671898088021939
0.001230603433214128,-9.671898088021939
0.001230603433214128,-9.671898088021939
0.001230603433214128,-9.671898088021939
0.001230603433214128,-9.671898088021939
0.001230603433214128,-9.671898088021939
0.001230603433214128,-9.671898088021939
0.001230603433214128,-9.671898088021939
0.001230603433214128,-9.671898088021939
0.001230603433214128,-9.671898088021939
0.001230603433214128,-9.671898088021939
0.001230603433214128,-9.671898088021939
0.001230603433214128,-9.671898088021939
0.001230603433214128,-9.671898088021939
0.001230603433214128,-9.671898088021939
0.001230603433214128,-9.671898088021939
0.001230603433214128,-9.671898088021939
0.001230603433214128,-9.671898088021939
0.001230603433214128,-9.671898088021939
0.001230603433214128,-9.671898088021939
0.001230603433214128,-9.671898088021939
0.001230603433214128,-9.671898088021939
0.001230603433214128,-9.671898088021939
0.001230603433214128,-9.671898088021939
0.001230603433214128,-9.671898088021939
0.001230603433214128,-9.671898088021939
0.001230603433214128,-9.671898088021939
0.001230603433214128,-9.671898088021939
0.001230603433214128,-9.671898088021939
0.001230603433214128,-9.671898088021939
0.001230603433214128,-9.671898088021939
0.001230603433214128,-9.671898088021939
0.001230603433214128,-9.671898088021939
0.001230603433214128,-9.671898088021939
0.001230603433214128,-9.671898088021939
0.001230603433214128,-9.671898088021939
0.001230603433214128,-9.671898088021939
0.001230603433214128,-9.671898088021939
0.001230603433214128,-9.671898088021939
0.001230603433214128,-9.671898088021939
0.001230603433214128,-9.671898088021939
0.001230603433214128,-9.671898088021939
0.001230603433214128,-9.671898088021939
0.001230603433214128,-9.671898088021939
0.001230603433214128,-9.671898088021939
0.001230603433214128,-9.671898088021939
0.001230603433214128,-9.671898088021939
0.001230603433214128,-9.671898088021939
0.001230603433214128,-9.671898088021939
0.001230603433214128,-9.671898088021939
0.001230603433214128,-9.671898088021939
0.001230603433214128,-9.671898088021939
0.001230603433214128,-9.671898088021939
0.001230603433214128,-9.671898088021939
0.001230603433214128,-9.671898088021939
0.001230603433214128,-9.671898088021939
0.001230603433214128,-9.671898088021939
0.001230603433214128,-9.671898088021939
0.001230603433214128,-9.671898088021939
0.001230603433214128,-9.671898088021939
0.001230603433214128,-9.671898088021939
0.001230603433214128,-9.671898088021939
0.001230603433214128,-9.671898088021939
0.001230603433214128,-9.671898088021939
0.001230603433214128,-9.671898088021939
0.001230603433214128,-9.671898088021939
0.001230603433214128,-9.671898088021939
0.001230603433214128,-9.671898088021939
0.001230603433214128,-9.671898088021939
0.001230603433214128,-9.671898088021939
0.001230603433214128,-9.671898088021939
0.001230603433214128,-9.671898088021939
0.001230603433214128,-9.671898088021939
0.001230603433214128,-9.671898088021939
0.001230603433214128,-9.671898088021939
0.001230603433214128,-9.671898088021939
0.001230603433214128,-9.671898088021939
0.001230603433214128,-9.671898088021939
0.001230603433214128,-9.671898088021939
0.001230603433214128,-9.671898088021939
0.001230603433214128,-9.671898088021939
0.001230603433214128,-9.671898088021939
0.001230603433214128,-9.671898088021939
0.001230603433214128,-9.671898088021939
0.001230603433214128,-9.671898088021939
0.001230603433214128,-9.671898088021939
0.001230603433214128,-9.671898088021939
0.001230603433214128,-9.671898088021939
0.001230603433214128,-9.671898088021939
0.001230603433214128,-9.671898088021939
0.001230603433214128,-9.671898088021939
0.001230603433214128,-9.671898088021939
0.001230603433214128,-9.671898088021939
0.001230603433214128,-9.671898088021939
0.001230603433214128,-9.671898088021939
0.001230603433214128,-9.671898088021939
0.001230603433214128,-9.671898088021939
0.001230603433214128,-9.671898088021939
0.001230603433214128,-9.671898088021939
0.001230603433214128,-9.671898088021939
0.001230603433214128,-9.671898088021939
0.001230603433214128,-9.671898088021939
0.001230603433214128,-9.671898088021939
0.001230603433214128,-9.671898088021939
0.001230603433214128,-9.671898088021939
0.001230603433214128,-9.671898088021939
0.001230603433214128,-9.671898088021939
0.001230603433214128,-9.671898088021939
0.001230603433214128,-9.671898088021939
0.001230603433214128,-9.671898088021939
0.001230603433214128,-9.671898088021939
0.001230603433214128,-9.671898088021939
0.001230603433214128,-9.671898088021939
0.001230603433214128,-9.671898088021939
0.001230603433214128,-9.671898088021939
0.001230603433214128,-9.671898088021939
0.001230603433214128,-9.671898088021939
0.001230603433214128,-9.671898088021939
0.001230603433214128,-9.671898088021939
0.001230603433214128,-9.671898088021939
0.001230603433214128,-9.671898088021939
0.001230603433214128,-9.671898088021939
0.001230603433214128,-9.671898088021939
0.001230603433214128,-9.671898088021939
0.001230603433214128,-9.671898088021939
0.001230603433214128,-9.671898088021939
0.001230603433214128,-9.671898088021939
0.001230603433214128,-9.671898088021939
0.001230603433214128,-9.671898088021939
0.001230603433214128,-9.671898088021939
0.001230603433214128,-9.671898088021939
0.001230603433214128,-9.671898088021939
0.001230603433214128,-9.671898088021939
0.001230603433214128,-9.671898088021939
0.001230603433214128,-9.671898088021939
0.001230603433214128,-9.671898088021939
0.001230603433214128,-9.671898088021939
0.001230603433214128,-9.671898088021939
0.001230603433214128,-9.671898088021939
0.001230603433214128,-9.671898088021939
0.001230603433214128,-9.671898088021939
0.001230603433214128,-9.671898088021939
0.001230603433214128,-9.671898088021939
0.001230603433214128,-9.671898088021939
0.001230603433214128,-9.671898088021939
0.001230603433214128,-9.671898088021939
0.001230603433214128,-9.671898088021939
0.001230603433214128,-9.671898088021939
0.001230603433214128,-9.671898088021939
0.001230603433214128,-9.671898088021939
0.001230603433214128,-9.671898088021939
0.0008631465607322752,-9.268772733279395
0.0008631465607322752,-9.268772733279395
0.0008631465607322752,-9.268772733279395
0.0008631465607322752,-9.268772733279395
0.0008631465607322752,-9.268772733279395
0.0008631465607322752,-9.268772733279395
0.0008631465607322752,-9.268772733279395
0.0008631465607322752,-9.268772733279395
0.0008631465607322752,-9.268772733279395
0.0008631465607322752,-9.268772733279395
0.0008631465607322752,-9.268772733279395
0.0008631465607322752,-9.268772733279395
0.0008631465607322752,-9.268772733279395
0.0008631465607322752,-9.268772733279395
0.0008631465607322752,-9.268772733279395
0.0008631465607322752,-9.268772733279395
0.0008631465607322752,-9.268772733279395
0.0008631465607322752,-9.268772733279395
0.0008631465607322752,-9.268772733279395
0.0008631465607322752,-9.268772733279395
0.0008631465607322752,-9.268772733279395
0.0008631465607322752,-9.268772733279395
0.0008631465607322752,-9.268772733279395
0.0008631465607322752,-9.268772733279395
0.0008631465607322752,-9.268772733279395
0.0008631465607322752,-9.268772733279395
0.0008631465607322752,-9.268772733279395
0.0008631465607322752,-9.268772733279395
0.0008631465607322752,-9.268772733279395
0.0008631465607322752,-9.268772733279395
0.0008631465607322752,-9.268772733279395
0.0008631465607322752,-9.268772733279395
0.0008631465607322752,-9.268772733279395
0.0008631465607322752,-9.268772733279395
0.0008631465607322752,-9.268772733279395
0.0008631465607322752,-9.268772733279395
0.0008631465607322752,-9.268772733279395
0.0008631465607322752,-9.268772733279395
0.0008631465607322752,-9.268772733279395
0.0008631465607322752,-9.268772733279395
0.0008631465607322752,-9.268772733279395
0.0008631465607322752,-9.268772733279395
0.0008631465607322752,-9.268772733279395
0.0008631465607322752,-9.268772733279395
0.0008631465607322752,-9.268772733279395
0.0008631465607322752,-9.268772733279395
0.0008631465607322752,-9.268772733279395
0.0008631465607322752,-9.268772733279395
0.0008631465607322752,-9.268772733279395
0.0008631465607322752,-9.268772733279395
0.0008631465607322752,-9.268772733279395
0.0008631465607322752,-9.268772733279395
0.0008631465607322752,-9.268772733279395
0.0008631465607322752,-9.268772733279395
0.0008631465607322752,-9.268772733279395
0.0008631465607322752,-9.268772733279395
0.0008631465607322752,-9.268772733279395
0.0008631465607322752,-9.268772733279395
0.0008631465607322752,-9.268772733279395
0.0008631465607322752,-9.268772733279395
0.0008631465607322752,-9.268772733279395
0.0008631465607322752,-9.268772733279395
0.0008631465607322752,-9.268772733279395
0.0008631465607322752,-9.268772733279395
0.0008631465607322752,-9.268772733279395
0.0008631465607322752,-9.268772733279395
0.0008631465607322752,-9.268772733279395
0.0008631465607322752,-9.268772733279395
0.0008631465607322752,-9.268772733279395
0.0008631465607322752,-9.268772733279395
0.0008631465607322752,-9.268772733279395
0.0008631465607322752,-9.268772733279395
0.0008631465607322752,-9.268772733279395
0.0008631465607322752,-9.268772733279395
0.0008631465607322752,-9.268772733279395
0.0008631465607322752,-9.268772733279395
0.0008631465607322752,-9.268772733279395
0.0008631465607322752,-9.268772733279395
0.0008631465607322752,-9.268772733279395
0.0008631465607322752,-9.268772733279395
0.0008631465607322752,-9.268772733279395
0.0008631465607322752,-9.268772733279395
0.0008631465607322752,-9.268772733279395
0.0008631465607322752,-9.268772733279395
0.0008631465607322752,-9.268772733279395
0.0008631465607322752,-9.268772733279395
0.0008631465607322752,-9.268772733279395
0.0008631465607322752,-9.268772733279395
0.0008631465607322752,-9.268772733279395
0.0008631465607322752,-9.268772733279395
0.0008631465607322752,-9.268772733279395
0.0008631465607322752,-9.268772733279395
0.0008631465607322752,-9.268772733279395
0.0008631465607322752,-9.268772733279395
0.0008631465607322752,-9.268772733279395
0.0008631465607322752,-9.268772733279395
0.0008631465607322752,-9.268772733279395
0.0008631465607322752,-9.268772733279395
0.0008631465607322752,-9.268772733279395
0.0008631465607322752,-9.268772733279395
0.0008631465607322752,-9.268772733279395
0.0008631465607322752,-9.268772733279395
0.0008631465607322752,-9.268772733279395
0.0008631465607322752,-9.268772733279395
0.0008631465607322752,-9.268772733279395
0.0008631465607322752,-9.268772733279395
0.0008631465607322752,-9.268772733279395
0.0008631465607322752,-9.268772733279395
0.0008631465607322752,-9.268772733279395
0.0008631465607322752,-9.268772733279395
0.0008631465607322752,-9.268772733279395
0.0008631465607322752,-9.268772733279395
0.0008631465607322752,-9.268772733279395
0.0008631465607322752,-9.268772733279395
0.0008631465607322752,-9.268772733279395
0.0008631465607322752,-9.268772733279395
0.0008631465607322752,-9.268772733279395
0.0008631465607322752,-9.268772733279395
0.0008631465607322752,-9.268772733279395
0.0008631465607322752,-9.268772733279395
0.0007003113278187811,-9.011557976195787
0.0007003113278187811,-9.011557976195787
0.0007003113278187811,-9.011557976195787
0.0007003113278187811,-9.011557976195787
0.0007003113278187811,-9.011557976195787
0.0007003113278187811,-9.011557976195787
0.0007003113278187811,-9.011557976195787
0.0007003113278187811,-9.011557976195787
0.0007003113278187811,-9.011557976195787
0.0007003113278187811,-9.011557976195787
0.0007003113278187811,-9.011557976195787
0.0007003113278187811,-9.011557976195787
0.0007003113278187811,-9.011557976195787
0.0007003113278187811,-9.011557976195787
0.0007003113278187811,-9.011557976195787
0.0007003113278187811,-9.011557976195787
0.0007003113278187811,-9.011557976195787
0.0007003113278187811,-9.011557976195787
0.0007003113278187811,-9.011557976195787
0.0007003113278187811,-9.011557976195787
0.0007003113278187811,-9.011557976195787
0.0007003113278187811,-9.011557976195787
0.0007003113278187811,-9.011557976195787
0.0007003113278187811,-9.011557976195787
0.0007003113278187811,-9.011557976195787
0.0007003113278187811,-9.011557976195787
0.0007003113278187811,-9.011557976195787
0.0007003113278187811,-9.011557976195787
0.0007003113278187811,-9.011557976195787
0.0007003113278187811,-9.011557976195787
0.0007003113278187811,-9.011557976195787
0.0007003113278187811,-9.011557976195787
0.0007003113278187811,-9.011557976195787
0.0007003113278187811,-9.011557976195787
0.0007003113278187811,-9.011557976195787
0.0007003113278187811,-9.011557976195787
0.0007003113278187811,-9.011557976195787
0.0007003113278187811,-9.011557976195787
0.0007003113278187811,-9.011557976195787
0.0007003113278187811,-9.011557976195787
0.0007003113278187811,-9.011557976195787
0.0007003113278187811,-9.011557976195787
0.0007003113278187811,-9.011557976195787
0.0007003113278187811,-9.011557976195787
0.0007003113278187811,-9.011557976195787
0.0007003113278187811,-9.011557976195787
0.0007003113278187811,-9.011557976195787
0.0007003113278187811,-9.011557976195787
0.0007003113278187811,-9.011557976195787
0.0007003113278187811,-9.011557976195787
0.0007003113278187811,-9.011557976195787
0.0007003113278187811,-9.011557976195787
0.0007003113278187811,-9.011557976195787
0.0006016523111611605,-8.648738804959537
0.0006016523111611605,-8.648738804959537
0.0006016523111611605,-8.648738804959537
0.0006016523111611605,-8.648738804959537
0.0006016523111611605,-8.648738804959537
0.0006016523111611605,-8.648738804959537
0.0006016523111611605,-8.648738804959537
0.0006016523111611605,-8.648738804959537
0.0006016523111611605,-8.648738804959537
0.0006016523111611605,-8.648738804959537
0.0006016523111611605,-8.648738804959537
0.0006016523111611605,-8.648738804959537
0.0006016523111611605,-8.648738804959537
0.0006016523111611605,-8.648738804959537
0.0006016523111611605,-8.648738804959537
0.0006016523111611605,-8.648738804959537
0.0006016523111611605,-8.648738804959537
0.0006016523111611605,-8.648738804959537
0.0006016523111611605,-8.648738804959537
0.0006016523111611605,-8.648738804959537
0.0006016523111611605,-8.648738804959537
0.0006016523111611605,-8.648738804959537
0.0006016523111611605,-8.648738804959537
0.0006016523111611605,-8.648738804959537
0.0006016523111611605,-8.648738804959537
0.0006016523111611605,-8.648738804959537
0.0006016523111611605,-8.648738804959537
0.0006016523111611605,-8.648738804959537
0.0006016523111611605,-8.648738804959537
0.0006016523111611605,-8.648738804959537
0.0006016523111611605,-8.648738804959537
0.0006016523111611605,-8.648738804959537
0.0005207136273384094,-8.110610556716631
0.0005207136273384094,-8.110610556716631
0.0005207136273384094,-8.110610556716631
0.0005207136273384094,-8.110610556716631
0.0005207136273384094,-8.110610556716631
0.0005207136273384094,-8.110610556716631
0.0005207136273384094,-8.110610556716631
0.0005207136273384094,-8.110610556716631
0.0005207136273384094,-8.110610556716631
0.0005207136273384094,-8.110610556716631
0.0005207136273384094,-8.110610556716631
0.0005207136273384094,-8.110610556716631
0.0005207136273384094,-8.110610556716631
0.0005207136273384094,-8.110610556716631
0.0005207136273384094,-8.110610556716631
0.0005207136273384094,-8.110610556716631
0.0005207136273384094,-8.110610556716631
0.0005207136273384094,-8.110610556716631
0.0005207136273384094,-8.110610556716631
0.0005207136273384094,-8.110610556716631
0.0005207136273384094,-8.110610556716631
0.0005207136273384094,-8.110610556716631
0.0005207136273384094,-8.110610556716631
0.0005207136273384094,-8.110610556716631
0.0005207136273384094,-8.110610556716631
0.0005207136273384094,-8.110610556716631
0.0005207136273384094,-8.110610556716631
0.00048539272393099964,-7.888374188156178
0.00048539272393099964,-7.888374188156178
0.00048539272393099964,-7.888374188156178
0.00048539272393099964,-7.888374188156178
0.00048539272393099964,-7.888374188156178
0.00048539272393099964,-7.888374188156178
0.00048539272393099964,-7.888374188156178
0.00048539272393099964,-7.888374188156178
0.00048539272393099964,-7.888374188156178
0.00048539272393099964,-7.888374188156178
0.00048539272393099964,-7.888374188156178
0.00045617815339937806,-7.653407035147935
0.00045617815339937806,-7.653407035147935
0.00045617815339937806,-7.653407035147935
0.00045617815339937806,-7.653407035147935
0.00045617815339937806,-7.653407035147935
0.00045617815339937806,-7.653407035147935
0.00045617815339937806,-7.653407035147935
0.00045617815339937806,-7.653407035147935
0.00045617815339937806,-7.653407035147935
0.00045617815339937806,-7.653407035147935
0.0004284003807697445,-7.403118542510819
0.0004284003807697445,-7.403118542510819
0.0004284003807697445,-7.403118542510819
0.0004284003807697445,-7.403118542510819
0.0004284003807697445,-7.403118542510819
0.0004284003807697445,-7.403118542510819
0.0004284003807697445,-7.403118542510819
0.0004284003807697445,-7.403118542510819
0.0004284003807697445,-7.403118542510819
0.0004038553743157536,-7.079790276418767
0.0004038553743157536,-7.079790276418767
0.0004038553743157536,-7.079790276418767
0.0004038553743157536,-7.079790276418767
0.0004038553743157536,-7.079790276418767
0.0004038553743157536,-7.079790276418767
0.0004038553743157536,-7.079790276418767
0.0004038553743157536,-7.079790276418767
0.00038888887502253056,-6.921894759415999
0.00038888887502253056,-6.921894759415999
0.00038888887502253056,-6.921894759415999
0.00038888887502253056,-6.921894759415999
0.00038888887502253056,-6.921894759415999
0.000373443472199142,-6.76917773340717
0.000373443472199142,-6.76917773340717
0.000373443472199142,-6.76917773340717
0.000373443472199142,-6.76917773340717
0.000373443472199142,-6.76917773340717
0.000361709768185392,-6.626806557071228
0.000361709768185392,-6.626806557071228
0.000361709768185392,-6.626806557071228
0.000361709768185392,-6.626806557071228
0.00034782086731866,-6.458122517164427
0.00034782086731866,-6.458122517164427
0.00034782086731866,-6.458122517164427
0.00034782086731866,-6.458122517164427
0.00033632662962190807,-6.294807527290415
0.00033632662962190807,-6.294807527290415
0.00033632662962190807,-6.294807527290415
0.00033632662962190807,-6.294807527290415
0.0003295019268989563,-6.219298344435106
0.0003295019268989563,-6.219298344435106
0.0003220785583835095,-6.110241602953174
0.0003220785583835095,-6.110241602953174
0.0003220785583835095,-6.110241602953174
0.0003139367909170687,-6.0100186808324185
0.0003139367909170687,-6.0100186808324185
0.0003042384923901409,-5.837977265694725
0.0003042384923901409,-5.837977265694725
0.0003042384923901409,-5.837977265694725
0.00029885058756917715,-5.745206446192963
0.00029885058756917715,-5.745206446192963
0.00029262452153488994,-5.668047061351726
0.00029262452153488994,-5.668047061351726
0.00028759578708559275,-5.616090582793193
0.00028759578708559275,-5.616090582793193
0.00028113025473430753,-5.510152199191018
0.00028113025473430753,-5.510152199191018
0.00027646071976050735,-5.418361678249944
0.00027646071976050735,-5.418361678249944
0.0002725095837377012,-5.35834867785297
0.000267600582446903,-5.291015852932699
0.0002629310474731028,-5.205444367015577
0.0002629310474731028,-5.205444367015577
0.00025814175023697317,-5.126771642178515
0.00025814175023697317,-5.126771642178515
0.00025502874632366,-5.067352583528064
0.0002505986485630274,-4.981645545304954
0.0002472461783327162,-4.927359138704385
0.0002442528784740716,-4.873851339310668
0.000241020112298429,-4.824425170463892
0.00023659004364162683,-4.756518703900894
0.00023659004364162683,-4.756518703900894
0.00023323754430748522,-4.697446056699075
0.00023060344392433763,-4.6326363382279245
0.00022509579139295965,-4.515873415408531
0.00022270114277489483,-4.481059392241913
0.00022078544134274125,-4.433799440922695
0.00021719349024351686,-4.378030471903022
0.00021431992354337126,-4.321962567483914
0.00021156609000172466,-4.280404325962902
0.00020749520626850426,-4.212961487576903
0.00020522030536085367,-4.172786599903222
0.00020222700550220907,-4.103409358078163
0.00019875478756148368,-4.020753229002847
0.0001949233701452613,-3.9362697631649386
0.0001921695366036147,-3.8840313751004762
0.0001895354362204671,-3.8334038984984673
0.0001873802684713155,-3.7806730692064585
0.0001846264349296689,-3.728713316437636
0.00018127395014744252,-3.669731364860837
0.0001778017176548019,-3.6074129929989978
0.00017504789866507053,-3.545496694160714
0.00017169539933092892,-3.4666281715483374
0.00016882183263078332,-3.409802287447201
0.00016582854732405394,-3.3482199580584497
0.00016295498062390834,-3.294257370855516
0.00015996168076526374,-3.2389287831197855
0.00015613026334904134,-3.1530252922793043
0.00015373562928289175,-3.088311180748608
0.00024022988509386778,-3.0239054998271877
0.00023601533030159771,-2.969681958064177
0.00023065133427735418,-2.9016160374600792
0.00022643677948508412,-2.8330308271040607
0.00022126437397673726,-2.7550987286344926
0.00021647509129252285,-2.6849284730773073
0.00021168582316022366,-2.618519630300746
0.00020689655502792448,-2.514262881103278
0.00020153257355559617,-2.4269026941049807
0.00019655172945931554,-2.3217475016040634
0.0001915708853630349,-2.242369839291664
0.00018659004126675427,-2.1346620724490206
0.00018256704788655043,-2.0688884264686296
0.00017739464237820357,-1.9859078231536207
0.00017241379828192294,-1.900098302148449
0.00016781609156168997,-1.807452884900776
0.00016245211008936167,-1.726341200819036
0.00015804597933311015,-1.6521845942343363
0.00015229884593281895,-1.5454883946606472
0.00014827586710453033,-1.4605979444837491
0.0001432950230082497,-1.3456163557723795
0.00013831417891196907,-1.26663618258913
0.00013295019743964076,-1.1806143290466815
0.0001283524907194078,-1.0972773279416559
0.0001235632225871086,-1.019379936101157
0.00011858237849082798,-0.921634936327526
0.00011379310308257118,-0.8043129421011934
0.00010862069029826671,-0.6829071890912322
0.00010363984620198607,-0.5711173005701058
9.923371544573456e-05,-0.46740112349144103
9.425287134945393e-05,-0.35278641004301425
8.908045856514946e-05,-0.22124763102898526
8.448275912087411e-05,-0.13257866032270127
7.950191502459347e-05,-0.03525275946613138
7.471264689229429e-05,0.06131638953726881
6.973180279601365e-05,0.17239405546516295
6.455939001170918e-05,0.2889491477864282
5.957854227744974e-05,0.36101615336434356
5.498084283317439e-05,0.4280590469634745
4.999999873689376e-05,0.5105430344328179
