,data,seed,target,noise,nrmse,rmse,mean_perc_err,mean_perc_err_std,test_type
0,elevation,0,KoD,0,0.10408224949601418,0.04085228739391113,0.27208928308118396,0.2469987457312199,
1,flowacc,20,logKoD,0,0.050053879924444024,0.08644298489828252,-0.07186756816688153,0.06309559954584908,
2,log10flowacc,20,logDoK,0,0.019647720519536675,0.033931587535665934,0.02468321216591199,0.01822578590294563,
3,flowacc,20,logDoK,0,0.047118163097048575,0.0813730057925819,0.06759196115344217,0.06218938123477752,
4,slope,30,logDoK,0,0.008884196025415573,0.015342994869081776,0.012566593528228403,0.011788799268288743,
5,elevation,30,logKoD,0,0.049271353446047716,0.08509156269771333,-0.06745456701395573,0.07733627702588466,
6,flowacc,30,logKoD,0,0.04862676177687242,0.08397835373153151,-0.0716024863894419,0.06790946369789952,
7,curvature,10,logDoK,0,0.013659636417920075,0.023590174155783197,0.016389280274136518,0.012763065554540607,
8,elevation,20,DoK,0,0.010533017665359582,1.3780697576441805,0.0813570762630911,0.08595455978808263,
9,curvature,0,DoK,0,0.0045713455077571775,0.5980843473471651,0.0432685391037014,0.04450436028611607,
10,elevation,10,DoK,0,0.019351223851885858,2.5317850221963187,0.24404353556258077,0.3111536758681423,
11,flowacc,10,logDoK,0,0.0446806797693014,0.07716347528648887,0.06534115725224991,0.06588774490573855,
12,flowacc,10,DoK,0,0.03450325902744051,4.514176213930816,0.43705409547575835,0.48662861719253137,
13,flowacc,0,logKoD,0,0.0460826648759208,0.07958470172452037,-0.06880077390696523,0.07254282330562814,
14,slope,0,KoD,0,0.014015146857447617,0.005500945743013041,0.0343816016221743,0.02599270146933844,
15,log10flowacc,0,KoD,0,0.021681678051198854,0.008510059565572227,0.0777722826767286,0.06264379119765752,
16,curvature,30,DoK,0,0.004752374780983939,0.6217690096735706,0.031549806462683475,0.02699126352147099,
17,curvature,30,KoD,0,0.011714582835683019,0.004597974265740939,0.04042676991715106,0.03523316744967655,
18,slope,10,logKoD,0,0.008678739796479346,0.014988172231515988,-0.011553974232346989,0.010019009091596507,
19,log10flowacc,10,logKoD,0,0.02823791498302433,0.048766842093383854,-0.04367357660299051,0.04431779182867001,
20,log10flowacc,20,logKoD,0,0.01912212833892732,0.03302389052996624,-0.024700685479926376,0.018816627899360786,
21,curvature,0,logDoK,0,0.008447163342064665,0.014588239998850245,0.011620902541361177,0.009727321806621173,
22,elevation,0,DoK,0,0.019033085168278823,2.4901618793758686,0.24097595686865683,0.3066572966991794,
23,elevation,20,KoD,0,0.1025806309552062,0.04026290205220152,0.1910102989297862,0.15302729314095648,
24,slope,20,logDoK,0,0.0136182614707824,0.02351871967641041,0.021136177833984336,0.018741623217775564,
25,slope,20,DoK,0,0.004989181349833317,0.6527512012269038,0.03926986684328458,0.035405195121604734,
26,elevation,0,logKoD,0,0.062406845267316685,0.10777653982339175,-0.09578696628398808,0.11296164494384592,
27,curvature,0,KoD,0,0.012338421086613127,0.00484283080600324,0.04428405802959683,0.04411993839915406,
28,slope,0,logDoK,0,0.008415283673667376,0.01453318385339281,0.012295387876150803,0.013482861527670725,
29,curvature,10,logKoD,0,0.01023922716804264,0.017683131872958904,-0.013716511655125795,0.011746409238133991,
30,log10flowacc,20,DoK,0,0.016444118022428282,2.1514386909619243,0.07887096073624733,0.07194028369890294,
31,flowacc,0,KoD,0,0.06971928900107575,0.027364823924949516,0.18051950851140605,0.1299293917408683,
32,elevation,20,logDoK,0,0.025045910094544505,0.043254253842750445,0.036136341822219475,0.04647045175936014,
33,elevation,10,KoD,0,0.12419377178561483,0.04874606075567228,0.2946079774946208,0.2551546271925274,
34,curvature,20,DoK,0,0.006158855614783307,0.8057835782752565,0.06184804588525218,0.06294728811893949,
35,slope,10,logDoK,0,0.012483812257108875,0.021559527374165752,0.014607837485463576,0.012620527772993132,
36,flowacc,10,KoD,0,0.058406401560877626,0.022924515119175294,0.12614417780779616,0.09199046752625181,
37,elevation,30,KoD,0,0.06892453222571572,0.027052881856513444,0.154380401003449,0.1718108154058096,
38,curvature,20,KoD,0,0.01921679932909678,0.007542594561366044,0.06098179543630219,0.04968488662325752,
39,slope,30,logKoD,0,0.008370318804931895,0.01445552958413493,-0.011876479346219057,0.010800395345120771,
40,flowacc,30,KoD,0,0.07267170460963637,0.028523647178013492,0.1810776375518714,0.13161858115692204,
41,elevation,10,logKoD,0,0.0828053385345692,0.143004710908441,-0.1285050971421355,0.1691278135874582,
42,elevation,20,logKoD,0,0.019021978528929784,0.03285093193961818,-0.027143631624982446,0.03201414689507891,
43,curvature,20,logDoK,0,0.007047572932862648,0.012171149200113827,0.009983274611038036,0.010235752905152305,
44,slope,0,logKoD,0,0.009358075824021131,0.016161384658970105,-0.013769103859094831,0.015567356436453527,
45,slope,10,KoD,0,0.010316408032333763,0.004049190595423203,0.05681233635457512,0.1123644303546295,
46,elevation,30,logDoK,0,0.031011762742916654,0.05355727353207457,0.04570795873695748,0.060343619408496744,
47,flowacc,20,KoD,0,0.06547459472302013,0.02569878123865017,0.19492145076741685,0.14682504689869688,
48,slope,20,KoD,0,0.008758366691648,0.0034376593023401607,0.025230415132238473,0.02113755113388169,
49,log10flowacc,20,KoD,0,0.01823988593254324,0.007159156011294205,0.07404511269542968,0.06511208108687613,
50,slope,20,logKoD,0,0.007009993762379427,0.01210625002203863,-0.009903578079161219,0.00942510469584398,
51,log10flowacc,10,DoK,0,0.01788475450022422,2.339921956146103,0.1559652921465775,0.1610129108286476,
52,curvature,10,KoD,0,0.01291236692235775,0.005068104571164088,0.06417704765375888,0.09607239007314002,
53,elevation,10,logDoK,0,0.08618902888676573,0.14884833970318997,0.1327792261760232,0.16255619991214512,
54,elevation,30,DoK,0,0.015021283979469708,1.965284577578419,0.12513524243539356,0.10410905834492021,
55,elevation,0,logDoK,0,0.07372128503807404,0.1273165624492595,0.11461997405262486,0.1308382158497189,
56,log10flowacc,10,KoD,0,0.022279823069835558,0.008744831511056731,0.07730372473958659,0.06139482544646581,
57,flowacc,0,logDoK,0,0.045890724207129835,0.07925322044157669,0.0675761317274246,0.07070802551855225,
58,log10flowacc,0,logDoK,0,0.021953818913701247,0.037914216433997755,0.029395773194601238,0.02625510770230839,
59,flowacc,10,logKoD,0,0.039819802566725744,0.068768746740991,-0.05748085958252876,0.05977215518457322,
60,flowacc,20,DoK,0,0.046103316510304644,6.031850342271263,0.2261747831288219,0.16353587018933954,
61,flowacc,30,DoK,0,0.021602070191101726,2.826270740128665,0.15749139802377693,0.14247556541735887,
62,log10flowacc,30,logKoD,0,0.020281778767366487,0.035026605297016684,-0.02550361706522196,0.01924125402113669,
63,slope,0,DoK,0,0.003762605511589497,0.4922742019620246,0.03118749482116824,0.028611269972341185,
64,curvature,10,DoK,0,0.004477698849151755,0.5858322433226006,0.03422731916331411,0.03201317456855536,
65,log10flowacc,30,DoK,0,0.01755468949673861,2.2967384532022,0.07963978696964442,0.06093393148002171,
66,log10flowacc,30,KoD,0,0.020585184686267063,0.008079685872780108,0.07536894170128527,0.0588331221999253,
67,curvature,0,logKoD,0,0.009885497288358226,0.017072240835265373,-0.013196677853182808,0.010421421904352732,
68,slope,30,DoK,0,0.005544266203340827,0.7253748000708287,0.045654926712282204,0.03819932576038327,
69,curvature,30,logDoK,0,0.010650976827869502,0.018394222994766316,0.013797925612373476,0.013804556398893936,
70,log10flowacc,10,logDoK,0,0.021366865618484835,0.03690054886395167,0.028324394017505417,0.02453813591803084,
71,flowacc,0,DoK,0,0.03991288860540076,5.22193605619915,0.19231406350372482,0.1622987772093817,
72,slope,30,KoD,0,0.013634407461331693,0.005351505513697979,0.04709929687557783,0.05239579043267263,
73,log10flowacc,30,logDoK,0,0.021473809286931538,0.037085240438919684,0.027901213826602964,0.0203727856671474,
74,flowacc,30,logDoK,0,0.04708788652502918,0.08132071819246389,0.07133377326067568,0.07613552942942739,
75,log10flowacc,0,logKoD,0,0.021954980868701127,0.03791622312875666,-0.02970424132297008,0.02917766212403767,
76,curvature,30,logKoD,0,0.009816379418921523,0.01695287436551443,-0.01414692187397566,0.013445600875057268,
77,curvature,20,logKoD,0,0.007684778724962993,0.013271602766286403,-0.010962130453477993,0.011107748379392539,
78,slope,10,DoK,0,0.005386952608996417,0.70479293894424,0.03213746718980781,0.026496101762020836,
79,log10flowacc,0,DoK,0,0.018220650874864915,2.3838683967864704,0.11596655266994357,0.11335429746284842,
